# s_m; t_s; f_x_fl_N; f_y_fl_N; f_z_fl_N; f_x_fr_N; f_y_fr_N; f_z_fr_N;f_x_rl_N; f_y_rl_N; f_z_rl_N; f_x_rr_N;f_y_rr_N; f_z_rr_N;
0.0; 0.000; -18.2; -11.7; 306.2; -18.2; -10.5; 282.3; 33.0; -6.2; 352.9; 33.0; -5.8; 329.0
3.0; 0.480; -7.5; -10.3; 305.1; -7.5; -9.3; 283.4; 22.2; -5.7; 351.8; 22.2; -5.4; 330.0
6.0; 0.959; -4.6; -9.2; 304.4; -4.6; -8.4; 284.2; 19.3; -5.6; 351.0; 19.3; -5.3; 330.8
9.0; 1.440; -4.2; -7.9; 303.8; -4.2; -7.3; 284.7; 18.9; -5.9; 350.4; 18.9; -5.6; 331.4
12.0; 1.920; -4.2; -6.3; 303.4; -4.2; -5.9; 285.1; 18.9; -6.9; 350.0; 18.9; -6.6; 331.8
15.0; 2.400; -38.2; -3.9; 302.9; -38.2; -3.7; 285.6; 52.9; -8.6; 349.6; 52.9; -8.2; 332.2
18.0; 2.879; -39.8; 0.3; 301.7; -39.8; 0.4; 286.7; 54.6; -10.7; 348.4; 54.6; -10.2; 333.4
21.0; 3.358; -39.7; 6.4; 299.2; -39.7; 6.9; 289.2; 55.0; -12.9; 346.0; 55.0; -12.5; 336.0
24.0; 3.837; -39.5; 15.1; 294.1; -39.5; 17.3; 294.0; 55.8; -14.5; 341.1; 55.8; -14.4; 341.1
27.0; 4.317; -39.0; 26.2; 285.1; -39.0; 33.3; 302.5; 57.2; -14.5; 332.7; 57.2; -15.1; 350.0
30.0; 4.804; -38.3; 38.6; 271.4; -38.3; 56.5; 315.5; 59.4; -11.8; 319.6; 59.4; -13.2; 363.8
33.0; 5.298; -3.7; 46.4; 253.4; -3.7; 81.9; 332.6; 28.2; -6.7; 302.5; 28.2; -8.3; 381.7
36.0; 5.783; -3.7; 55.1; 229.7; -3.7; 117.5; 355.6; 31.0; 3.1; 279.6; 31.0; 4.3; 405.4
39.0; 6.218; -3.7; 59.4; 207.0; -3.7; 149.8; 378.1; 31.9; 13.7; 257.1; 31.9; 22.0; 428.1
42.0; 6.597; -3.7; 57.5; 192.5; -3.7; 162.5; 393.3; 29.0; 24.3; 241.9; 29.0; 42.7; 442.6
45.0; 6.996; -3.7; 52.3; 184.9; -3.7; 155.1; 402.4; 23.2; 35.8; 232.7; 23.2; 66.7; 450.3
48.0; 7.451; -3.7; 50.1; 184.2; -3.7; 142.0; 404.0; 19.5; 41.5; 231.1; 19.5; 78.3; 451.0
51.0; 7.930; -39.9; 51.1; 193.7; -39.9; 125.7; 394.8; 54.5; 42.0; 240.3; 54.5; 75.0; 441.4
54.0; 8.412; -39.9; 47.1; 212.4; -39.9; 97.7; 376.2; 54.4; 36.3; 259.0; 54.4; 57.9; 422.8
57.0; 8.892; -39.8; 42.6; 229.6; -39.8; 76.8; 358.9; 54.8; 28.6; 276.3; 54.8; 41.1; 405.6
60.0; 9.374; -39.6; 39.1; 243.7; -39.6; 64.1; 344.5; 55.4; 19.5; 290.6; 55.4; 25.8; 391.5
63.0; 9.858; -39.3; 38.3; 252.0; -39.3; 60.2; 336.0; 56.2; 11.7; 299.2; 56.2; 14.8; 383.2
66.0; 10.323; -39.0; 40.8; 252.7; -39.0; 65.3; 334.9; 57.2; 7.7; 300.2; 57.2; 9.6; 382.5
69.0; 10.750; -3.7; 42.4; 246.6; -3.7; 72.7; 340.7; 23.0; 8.0; 294.5; 23.0; 10.4; 388.5
72.0; 11.169; -3.7; 45.2; 237.5; -3.7; 83.3; 349.8; 23.1; 13.1; 285.3; 23.1; 17.8; 397.6
75.0; 11.615; -3.7; 45.3; 229.0; -3.7; 88.2; 358.6; 21.8; 20.6; 276.5; 21.8; 29.5; 406.1
78.0; 12.086; -3.7; 44.2; 220.3; -3.7; 88.0; 367.9; 19.5; 30.4; 267.2; 19.5; 46.2; 414.9
81.0; 12.566; -3.7; 40.7; 224.0; -3.7; 75.7; 364.5; 18.2; 32.9; 270.6; 18.2; 49.0; 411.1
84.0; 13.046; -40.0; 37.3; 233.3; -40.0; 62.1; 355.3; 54.1; 32.0; 279.8; 54.1; 45.3; 401.8
87.0; 13.526; -40.0; 29.9; 246.5; -40.0; 44.1; 342.2; 54.1; 27.8; 293.0; 54.1; 36.4; 388.7
90.0; 14.005; -40.0; 22.1; 258.7; -40.0; 29.2; 329.9; 54.2; 22.9; 305.2; 54.2; 28.1; 376.5
93.0; 14.485; -39.9; 14.4; 270.0; -39.9; 17.3; 318.6; 54.3; 17.6; 316.6; 54.3; 20.2; 365.2
96.0; 14.965; -39.6; 7.5; 279.3; -39.6; 8.3; 309.2; 54.3; 12.6; 326.0; 54.3; 13.8; 355.8
99.0; 15.445; -5.1; 1.7; 286.8; -5.1; 1.9; 301.7; 19.9; 8.5; 333.4; 19.9; 8.9; 348.4
102.0; 15.925; -4.3; -2.9; 292.5; -4.3; -2.8; 296.0; 19.1; 5.2; 339.2; 19.1; 5.3; 342.7
105.0; 16.405; -4.1; -6.6; 296.9; -4.1; -6.2; 291.5; 19.0; 2.6; 343.6; 19.0; 2.6; 338.2
108.0; 16.884; -4.0; -9.8; 300.5; -4.0; -8.9; 288.0; 18.9; 0.5; 347.2; 18.9; 0.5; 334.7
111.0; 17.364; -3.9; -12.4; 303.6; -3.9; -11.0; 284.9; 18.8; -1.5; 350.3; 18.8; -1.5; 331.6
114.0; 17.843; -3.8; -14.4; 306.5; -3.8; -12.6; 282.0; 18.7; -3.9; 353.2; 18.7; -3.7; 328.7
117.0; 18.323; -3.8; -15.5; 309.3; -3.8; -13.4; 279.2; 18.6; -7.1; 356.0; 18.6; -6.5; 325.8
120.0; 18.803; -3.8; -15.1; 311.9; -3.8; -13.0; 276.6; 18.4; -11.4; 358.6; 18.4; -10.3; 323.2
123.0; 19.284; -3.8; -12.2; 313.8; -3.8; -10.6; 274.7; 18.4; -16.9; 360.4; 18.4; -15.1; 321.4
126.0; 19.766; -39.8; -5.2; 313.6; -39.8; -4.4; 274.8; 54.8; -23.3; 360.4; 54.8; -20.8; 321.5
129.0; 20.247; -39.4; 8.0; 308.7; -39.4; 9.1; 279.2; 56.1; -28.9; 355.9; 56.1; -26.3; 326.4
132.0; 20.729; -38.3; 29.2; 293.7; -38.3; 37.0; 293.2; 59.5; -30.4; 342.0; 59.5; -29.9; 341.5
135.0; 21.213; -36.1; 58.2; 259.0; -36.1; 96.1; 325.5; 66.8; -22.4; 309.7; 66.8; -26.6; 376.2
138.0; 21.702; -32.8; 84.0; 200.3; -32.8; 207.8; 380.1; 79.3; -7.1; 255.0; 79.3; -11.6; 434.8
141.0; 22.173; -3.7; 89.7; 146.8; -3.7; 328.8; 429.4; 66.8; -0.7; 205.7; 66.8; -1.7; 488.3
144.0; 22.610; -3.7; 85.4; 111.2; -3.7; 414.7; 462.7; 76.0; 6.4; 172.5; 76.0; 18.3; 523.9
147.0; 23.021; -3.7; 76.7; 90.9; -3.7; 455.8; 482.1; 79.7; 13.3; 153.1; 79.7; 43.8; 544.3
150.0; 23.418; -3.7; 68.8; 79.3; -3.7; 474.0; 493.6; 80.2; 18.3; 141.6; 80.2; 66.4; 555.9
153.0; 23.810; -3.7; 61.6; 73.1; -3.7; 478.7; 500.5; 77.0; 22.2; 134.6; 77.0; 85.4; 562.0
156.0; 24.204; -3.7; 52.8; 71.5; -3.7; 464.2; 503.7; 70.8; 27.1; 131.4; 70.8; 107.3; 563.6
159.0; 24.597; -3.7; 38.7; 77.2; -3.7; 401.9; 504.6; 44.7; 38.7; 130.5; 44.7; 153.2; 558.0
162.0; 25.001; -3.7; 24.7; 70.4; -3.7; 315.2; 520.9; 7.5; 54.6; 114.3; 7.5; 254.0; 564.8
165.0; 25.455; -3.7; 30.0; 95.7; -3.7; 207.1; 497.9; -1.7; 69.6; 137.3; -1.7; 262.5; 539.4
168.0; 25.949; -41.6; 26.5; 181.7; -41.6; 62.8; 408.5; 49.8; 78.5; 226.7; 49.8; 154.5; 453.5
171.0; 26.433; -3.7; -35.6; 271.7; -3.7; -37.1; 314.2; 28.6; 61.5; 320.9; 28.6; 70.2; 363.5
174.0; 26.875; -3.7; -105.3; 327.8; -3.7; -66.5; 255.8; 37.7; 37.2; 379.3; 37.7; 30.9; 307.4
177.0; 27.287; -3.7; -137.5; 365.3; -3.7; -62.4; 219.3; 33.9; -5.4; 415.9; 33.9; -3.7; 269.8
180.0; 27.713; -3.7; -138.5; 406.6; -3.7; -49.5; 181.7; 19.1; -85.9; 453.4; 19.1; -44.7; 228.6
183.0; 28.176; -3.7; -89.5; 418.8; -3.7; -35.2; 170.9; 13.5; -151.8; 464.2; 13.5; -72.0; 216.3
186.0; 28.669; -3.8; 58.1; 289.7; -3.8; 64.4; 295.4; 32.0; -56.6; 339.8; 32.0; -56.9; 345.5
189.0; 29.165; -3.7; 99.0; 204.2; -3.7; 215.4; 375.0; 55.3; -25.9; 260.1; 55.3; -41.4; 431.0
192.0; 29.628; -3.7; 96.8; 154.5; -3.7; 320.6; 421.7; 67.2; -8.0; 213.5; 67.2; -17.0; 480.7
195.0; 30.027; -3.7; 82.6; 127.0; -3.7; 364.9; 449.1; 67.4; 8.0; 186.1; 67.4; 20.5; 508.1
198.0; 30.411; -3.7; 61.5; 119.7; -3.7; 338.9; 460.3; 52.3; 26.4; 174.9; 52.3; 73.1; 515.5
201.0; 30.848; -3.7; 38.2; 98.5; -3.7; 285.4; 490.1; 18.0; 53.0; 145.0; 18.0; 185.7; 536.7
204.0; 31.329; -3.7; 33.7; 105.0; -3.7; 184.9; 487.5; 2.4; 71.8; 147.6; 2.4; 249.2; 530.1
207.0; 31.817; -3.7; -54.7; 282.6; -3.7; -58.7; 304.6; 23.6; 69.7; 330.6; 23.6; 74.4; 352.6
210.0; 32.282; -3.7; -211.0; 358.7; -3.7; -118.2; 221.0; 53.2; 77.3; 414.2; 53.2; 53.0; 276.4
213.0; 32.714; -3.7; -339.5; 414.1; -3.7; -118.1; 161.1; 70.7; 57.4; 474.0; 70.7; 28.0; 221.0
216.0; 33.127; -3.7; -382.0; 445.9; -3.7; -96.9; 136.2; 36.6; 11.9; 497.0; 36.6; 4.8; 187.2
219.0; 33.545; -3.7; -410.4; 461.1; -3.7; -80.5; 112.0; 70.9; -25.5; 520.9; 70.9; -9.0; 171.8
222.0; 33.980; -3.7; -449.0; 479.7; -3.7; -68.3; 83.8; 117.1; -59.9; 551.3; 117.1; -18.2; 155.5
225.0; 34.431; -3.7; -414.5; 490.3; -3.7; -53.5; 87.6; 60.5; -102.3; 547.6; 60.5; -29.2; 144.9
228.0; 34.892; -3.7; -363.2; 497.4; -3.7; -39.7; 86.6; 36.2; -156.3; 548.6; 36.2; -42.1; 137.7
231.0; 35.353; -3.7; -309.9; 497.0; -3.7; -36.4; 91.2; 19.6; -188.2; 544.0; 19.6; -50.7; 138.2
234.0; 35.812; -40.8; -258.5; 475.2; -40.8; -44.6; 114.2; 51.8; -173.7; 521.0; 51.8; -56.0; 159.9
237.0; 36.269; -40.7; -194.3; 440.7; -40.7; -50.0; 148.6; 52.2; -130.0; 486.5; 52.2; -54.1; 194.5
240.0; 36.726; -40.2; -146.1; 408.2; -40.2; -51.4; 180.6; 53.7; -89.6; 454.5; 53.7; -46.2; 227.0
243.0; 37.185; -39.6; -114.6; 380.7; -39.6; -50.3; 207.5; 55.4; -55.8; 427.7; 55.4; -34.1; 254.4
246.0; 37.643; -39.0; -101.2; 363.3; -39.0; -49.8; 224.3; 57.2; -32.9; 410.8; 57.2; -22.3; 271.9
249.0; 38.096; -38.4; -103.2; 357.6; -38.4; -51.8; 229.4; 59.0; -21.4; 405.7; 59.0; -15.1; 277.6
252.0; 38.541; -3.7; -108.7; 361.0; -3.7; -51.2; 225.6; 26.0; -19.5; 409.5; 26.0; -13.4; 274.2
255.0; 38.978; -3.7; -121.3; 370.9; -3.7; -52.9; 215.6; 26.1; -28.5; 419.5; 26.1; -18.5; 264.2
258.0; 39.410; -3.7; -126.1; 379.7; -3.7; -52.0; 207.3; 24.2; -41.5; 427.8; 24.2; -25.6; 255.4
261.0; 39.846; -3.7; -122.2; 381.6; -3.7; -50.5; 205.9; 22.5; -47.8; 429.3; 22.5; -29.1; 253.6
264.0; 40.292; -3.7; -114.6; 381.1; -3.7; -48.8; 206.7; 20.9; -52.1; 428.4; 20.9; -31.8; 254.0
267.0; 40.745; -3.7; -103.4; 379.2; -3.7; -46.5; 209.1; 19.2; -56.1; 426.0; 19.2; -34.6; 256.0
270.0; 41.205; -3.7; -88.2; 375.3; -3.7; -43.0; 213.3; 17.7; -59.8; 421.8; 17.7; -37.7; 259.8
273.0; 41.672; -3.8; -67.6; 364.6; -3.8; -37.5; 224.2; 17.2; -55.6; 411.0; 17.2; -37.2; 270.5
276.0; 42.145; -3.8; -46.7; 351.6; -3.8; -29.9; 237.2; 17.4; -49.0; 398.0; 17.4; -35.3; 283.6
279.0; 42.623; -4.0; -26.4; 337.3; -4.0; -19.6; 251.4; 18.2; -41.9; 383.8; 18.2; -32.7; 297.9
282.0; 43.105; -39.6; -6.5; 322.0; -39.6; -5.1; 266.3; 55.1; -35.2; 368.8; 55.1; -29.9; 313.2
285.0; 43.588; -39.2; 13.3; 305.0; -39.2; 15.0; 282.7; 56.7; -28.8; 352.4; 56.7; -26.8; 330.1
288.0; 44.070; -38.3; 32.7; 284.7; -38.3; 43.3; 302.2; 59.3; -21.8; 332.9; 59.3; -22.6; 350.5
291.0; 44.543; -37.1; 50.7; 259.2; -37.1; 82.8; 326.5; 62.8; -13.1; 308.7; 62.8; -15.5; 375.9
294.0; 45.003; -3.7; 60.1; 231.1; -3.7; 125.5; 353.3; 34.7; -4.3; 281.9; 34.7; -5.9; 404.1
297.0; 45.443; -3.7; 66.5; 202.4; -3.7; 174.3; 380.9; 38.9; 6.1; 254.3; 38.9; 10.0; 432.7
300.0; 45.865; -3.7; 65.9; 181.0; -3.7; 208.1; 402.1; 39.7; 15.7; 233.1; 39.7; 29.3; 454.1
303.0; 46.272; -3.7; 60.5; 167.3; -3.7; 218.9; 416.8; 35.4; 26.3; 218.3; 35.4; 53.7; 467.8
306.0; 46.684; -3.7; 53.7; 159.7; -3.7; 208.8; 426.6; 27.3; 37.8; 208.6; 27.3; 82.3; 475.5
309.0; 47.126; -38.8; 55.5; 162.1; -38.8; 198.6; 425.3; 57.9; 42.9; 209.9; 57.9; 92.7; 473.1
312.0; 47.590; -39.0; 55.7; 176.1; -39.0; 173.0; 411.5; 57.3; 40.1; 223.6; 57.3; 79.2; 459.1
315.0; 48.059; -38.6; 56.3; 193.0; -38.6; 152.2; 394.2; 58.4; 32.4; 240.9; 58.4; 57.4; 442.1
318.0; 48.524; -37.8; 58.5; 205.7; -37.8; 146.1; 380.6; 61.2; 21.6; 254.6; 61.2; 35.3; 429.5
321.0; 48.980; -36.3; 64.4; 205.3; -36.3; 164.3; 379.5; 65.9; 13.0; 255.7; 65.9; 21.0; 429.9
324.0; 49.426; -34.5; 72.6; 188.6; -34.5; 209.6; 393.9; 72.6; 10.3; 241.2; 72.6; 18.2; 446.5
327.0; 49.863; -3.7; 72.3; 164.8; -3.7; 257.1; 415.8; 49.5; 11.8; 219.4; 49.5; 24.1; 470.3
330.0; 50.295; -3.7; 69.6; 143.2; -3.7; 300.0; 436.6; 52.7; 17.9; 198.5; 52.7; 41.8; 492.0
333.0; 50.717; -3.7; 62.4; 130.9; -3.7; 313.2; 449.8; 49.1; 25.6; 185.3; 49.1; 65.5; 504.3
336.0; 51.124; -3.7; 52.7; 125.6; -3.7; 296.1; 458.0; 37.8; 36.2; 177.2; 37.8; 98.2; 509.6
339.0; 51.529; -3.7; 45.8; 125.6; -3.7; 261.3; 461.4; 24.5; 46.7; 173.8; 24.5; 129.7; 509.6
342.0; 51.954; -3.7; 43.0; 128.4; -3.7; 219.6; 461.2; 14.2; 56.0; 174.0; 14.2; 155.7; 506.8
345.0; 52.404; -3.7; 42.7; 139.9; -3.7; 167.1; 450.8; 9.9; 63.9; 184.4; 9.9; 165.8; 495.3
348.0; 52.874; -3.7; 37.0; 176.5; -3.7; 91.6; 413.4; 13.1; 67.5; 221.8; 13.1; 137.0; 458.7
351.0; 53.356; -3.8; 7.2; 233.2; -3.8; 11.7; 354.5; 21.6; 62.2; 280.7; 21.6; 88.9; 401.9
354.0; 53.846; -3.7; -59.8; 297.5; -3.7; -45.9; 287.4; 32.7; 45.3; 347.8; 32.7; 44.7; 337.6
357.0; 54.337; -3.7; -148.6; 354.4; -3.7; -71.9; 227.7; 43.6; 22.0; 407.4; 43.6; 15.7; 280.8
360.0; 54.814; -3.7; -224.8; 395.9; -3.7; -76.3; 184.6; 50.2; -3.5; 450.6; 50.2; -2.0; 239.3
363.0; 55.252; -3.7; -264.7; 422.8; -3.7; -69.7; 158.1; 48.6; -34.6; 477.1; 48.6; -16.2; 212.4
366.0; 55.649; -3.7; -257.5; 439.4; -3.7; -56.7; 144.6; 36.1; -78.9; 490.6; 36.1; -33.2; 195.7
369.0; 56.054; -3.7; -221.1; 457.7; -3.7; -44.0; 131.3; 16.6; -146.5; 503.9; 16.6; -54.1; 177.5
372.0; 56.509; -3.7; -157.0; 461.4; -3.7; -38.2; 130.0; 6.9; -200.8; 505.1; 6.9; -71.2; 173.8
375.0; 57.005; -39.3; 5.9; 351.8; -39.3; 4.0; 236.2; 56.1; -99.9; 399.0; 56.1; -71.3; 283.4
378.0; 57.489; -3.7; 89.7; 240.7; -3.7; 144.4; 341.2; 44.4; -38.9; 294.0; 44.4; -51.0; 394.4
381.0; 57.918; -3.7; 107.8; 180.4; -3.7; 278.0; 396.9; 62.5; -24.7; 238.2; 62.5; -45.2; 454.7
384.0; 58.302; -3.7; 98.9; 140.0; -3.7; 360.2; 435.3; 70.5; -6.9; 199.9; 70.5; -16.2; 495.1
387.0; 58.685; -3.7; 81.6; 118.5; -3.7; 386.2; 457.0; 69.8; 9.2; 178.2; 69.8; 25.0; 516.7
390.0; 59.103; -3.7; 63.0; 111.0; -3.7; 368.1; 467.3; 58.6; 24.3; 167.8; 58.6; 70.8; 524.2
393.0; 59.567; -3.7; 47.4; 106.1; -3.7; 330.3; 477.4; 38.0; 39.5; 157.7; 38.0; 124.3; 529.1
396.0; 60.069; -3.7; 39.8; 96.9; -3.7; 296.4; 491.1; 20.5; 50.8; 144.1; 20.5; 179.5; 538.3
399.0; 60.571; -41.2; 45.2; 111.7; -41.2; 248.7; 478.1; 50.7; 57.9; 157.0; 50.7; 184.5; 523.5
402.0; 61.057; -41.4; 48.5; 150.2; -41.4; 168.5; 439.8; 50.2; 59.6; 195.3; 50.2; 143.3; 485.0
405.0; 61.536; -40.9; 44.2; 189.4; -40.9; 102.8; 400.1; 51.7; 54.6; 235.1; 51.7; 101.4; 445.7
408.0; 62.015; -40.3; 32.9; 226.0; -40.3; 55.2; 363.0; 53.2; 43.4; 272.2; 53.2; 64.4; 409.2
411.0; 62.496; -40.0; 18.8; 254.7; -40.0; 24.9; 334.0; 54.2; 30.5; 301.2; 54.2; 38.3; 380.5
414.0; 62.977; -3.9; 5.8; 276.1; -3.9; 6.6; 312.3; 18.7; 18.2; 322.8; 18.7; 20.2; 359.0
417.0; 63.458; -3.8; -3.7; 290.8; -3.8; -3.5; 297.6; 18.7; 8.2; 337.6; 18.7; 8.4; 344.3
420.0; 63.938; -3.8; -9.6; 300.0; -3.8; -8.8; 288.4; 18.7; 1.0; 346.7; 18.7; 1.0; 335.2
423.0; 64.418; -3.9; -12.4; 304.9; -3.9; -11.0; 283.6; 18.7; -3.4; 351.5; 18.7; -3.2; 330.3
426.0; 64.898; -4.0; -13.1; 306.8; -4.0; -11.5; 281.7; 18.8; -5.6; 353.5; 18.8; -5.2; 328.4
429.0; 65.377; -5.0; -12.6; 306.9; -5.0; -11.1; 281.6; 19.8; -6.3; 353.6; 19.8; -5.9; 328.2
432.0; 65.857; -19.7; -11.8; 306.2; -19.7; -10.5; 282.3; 34.4; -6.2; 352.9; 34.4; -5.8; 328.9
435.0; 66.336; -7.9; -10.3; 305.1; -7.9; -9.3; 283.4; 22.6; -5.7; 351.8; 22.6; -5.4; 330.0
438.0; 66.816; -4.6; -9.2; 304.4; -4.6; -8.4; 284.1; 19.3; -5.6; 351.0; 19.3; -5.3; 330.8
441.0; 67.296; -4.2; -7.9; 303.8; -4.2; -7.3; 284.7; 18.9; -5.9; 350.4; 18.9; -5.6; 331.4
444.0; 67.776; -4.2; -6.3; 303.4; -4.2; -5.9; 285.1; 18.9; -6.9; 350.0; 18.9; -6.6; 331.8
447.0; 68.256; -38.0; -3.9; 302.9; -38.0; -3.7; 285.6; 52.7; -8.5; 349.5; 52.7; -8.1; 332.3
450.0; 68.736; -39.8; 0.2; 301.7; -39.8; 0.3; 286.7; 54.6; -10.6; 348.4; 54.6; -10.1; 333.4
453.0; 69.215; -39.7; 6.4; 299.2; -39.7; 6.8; 289.2; 55.0; -12.8; 346.0; 55.0; -12.4; 336.0
456.0; 69.693; -39.5; 15.0; 294.1; -39.5; 17.2; 294.0; 55.8; -14.5; 341.2; 55.8; -14.4; 341.0
459.0; 70.174; -39.0; 26.0; 285.3; -39.0; 33.1; 302.4; 57.2; -14.5; 332.8; 57.2; -15.0; 349.9
462.0; 70.661; -38.3; 38.4; 271.6; -38.3; 56.0; 315.3; 59.4; -11.8; 319.9; 59.4; -13.2; 363.5
465.0; 71.154; -3.7; 46.2; 253.7; -3.7; 81.3; 332.3; 28.1; -6.8; 302.8; 28.1; -8.3; 381.4
468.0; 71.639; -3.7; 55.0; 230.1; -3.7; 116.8; 355.2; 31.0; 3.0; 280.0; 31.0; 4.2; 405.0
471.0; 72.078; -3.7; 59.2; 207.6; -3.7; 148.7; 377.5; 31.8; 13.6; 257.7; 31.8; 21.7; 427.5
474.0; 72.463; -3.7; 57.4; 192.8; -3.7; 161.7; 393.0; 28.9; 24.3; 242.1; 28.9; 42.7; 442.3
477.0; 72.859; -3.7; 52.1; 185.2; -3.7; 154.2; 402.1; 23.1; 35.8; 233.1; 23.1; 66.6; 449.9
480.0; 73.309; -3.7; 50.0; 184.9; -3.7; 140.8; 403.4; 19.5; 41.4; 231.8; 19.5; 77.8; 450.3
483.0; 73.791; -39.9; 51.1; 193.9; -39.9; 125.4; 394.6; 54.5; 41.9; 240.6; 54.5; 74.7; 441.2
486.0; 74.274; -39.9; 47.0; 212.7; -39.9; 97.3; 375.8; 54.4; 36.2; 259.3; 54.4; 57.6; 422.5
489.0; 74.753; -39.8; 42.5; 229.9; -39.8; 76.4; 358.5; 54.8; 28.4; 276.6; 54.8; 40.8; 405.3
492.0; 75.236; -39.6; 39.1; 243.9; -39.6; 63.9; 344.3; 55.4; 19.4; 290.9; 55.4; 25.6; 391.2
495.0; 75.716; -39.3; 38.3; 252.1; -39.3; 60.2; 335.8; 56.2; 11.6; 299.4; 56.2; 14.6; 383.0
498.0; 76.176; -39.0; 40.9; 252.6; -39.0; 65.5; 335.0; 57.2; 7.6; 300.2; 57.2; 9.5; 382.5
501.0; 76.609; -3.7; 42.3; 246.9; -3.7; 72.6; 340.5; 23.0; 7.8; 294.7; 23.0; 10.1; 388.3
504.0; 77.037; -3.7; 45.2; 237.5; -3.7; 83.4; 349.8; 23.1; 13.0; 285.4; 23.1; 17.7; 397.6
507.0; 77.485; -3.7; 45.5; 228.6; -3.7; 88.9; 359.0; 21.8; 20.7; 276.1; 21.8; 29.7; 406.5
510.0; 77.953; -3.7; 44.3; 220.0; -3.7; 88.5; 368.3; 19.5; 30.5; 266.9; 19.5; 46.4; 415.2
513.0; 78.432; -3.7; 40.8; 223.6; -3.7; 76.2; 364.9; 18.2; 33.0; 270.2; 18.2; 49.3; 411.5
516.0; 78.912; -40.0; 37.5; 232.9; -40.0; 62.7; 355.8; 54.1; 32.2; 279.4; 54.1; 45.6; 402.2
519.0; 79.392; -40.0; 30.1; 246.1; -40.0; 44.5; 342.5; 54.1; 27.9; 292.6; 54.1; 36.7; 389.0
522.0; 79.871; -40.0; 22.3; 258.4; -40.0; 29.5; 330.2; 54.2; 23.1; 304.9; 54.2; 28.3; 376.8
525.0; 80.351; -39.9; 14.5; 269.8; -39.9; 17.4; 318.8; 54.3; 17.7; 316.4; 54.3; 20.3; 365.4
528.0; 80.831; -39.6; 7.6; 279.2; -39.6; 8.4; 309.3; 54.3; 12.7; 325.8; 54.3; 13.9; 356.0
531.0; 81.311; -5.1; 1.8; 286.7; -5.1; 1.9; 301.8; 19.9; 8.6; 333.3; 19.9; 8.9; 348.5
534.0; 81.791; -4.3; -2.8; 292.4; -4.3; -2.7; 296.0; 19.1; 5.2; 339.1; 19.1; 5.3; 342.7
537.0; 82.271; -4.1; -6.6; 296.9; -4.1; -6.2; 291.6; 19.0; 2.6; 343.6; 19.0; 2.6; 338.3
540.0; 82.750; -4.0; -9.8; 300.5; -4.0; -8.9; 288.0; 18.9; 0.5; 347.2; 18.9; 0.5; 334.7
543.0; 83.230; -3.9; -12.4; 303.6; -3.9; -11.0; 284.9; 18.8; -1.5; 350.3; 18.8; -1.5; 331.6
546.0; 83.709; -3.8; -14.4; 306.5; -3.8; -12.6; 282.0; 18.7; -3.9; 353.2; 18.7; -3.7; 328.7
549.0; 84.189; -3.8; -15.5; 309.3; -3.8; -13.4; 279.2; 18.6; -7.1; 356.0; 18.6; -6.5; 325.8
552.0; 84.669; -3.8; -15.1; 311.9; -3.8; -13.0; 276.6; 18.4; -11.4; 358.6; 18.4; -10.3; 323.2
555.0; 85.150; -3.8; -12.2; 313.8; -3.8; -10.6; 274.7; 18.4; -16.9; 360.4; 18.4; -15.1; 321.4
558.0; 85.632; -39.8; -5.2; 313.6; -39.8; -4.5; 274.8; 54.8; -23.2; 360.4; 54.8; -20.7; 321.5
561.0; 86.113; -39.4; 7.9; 308.8; -39.4; 9.0; 279.2; 56.1; -28.8; 355.9; 56.1; -26.3; 326.4
564.0; 86.595; -38.3; 29.1; 293.8; -38.3; 36.8; 293.0; 59.5; -30.4; 342.1; 59.5; -29.9; 341.3
567.0; 87.079; -36.1; 58.0; 259.2; -36.1; 95.6; 325.2; 66.7; -22.5; 309.9; 66.7; -26.6; 375.9
570.0; 87.568; -32.9; 83.8; 200.8; -32.9; 206.8; 379.7; 79.2; -7.1; 255.4; 79.2; -11.6; 434.4
573.0; 88.040; -3.7; 89.5; 147.2; -3.7; 327.7; 429.1; 66.6; -0.7; 206.0; 66.6; -1.5; 488.0
576.0; 88.475; -3.7; 85.5; 111.5; -3.7; 414.2; 462.4; 75.9; 6.3; 172.7; 75.9; 17.9; 523.6
579.0; 88.884; -3.7; 76.9; 91.1; -3.7; 455.5; 481.9; 79.6; 13.1; 153.3; 79.6; 43.4; 544.1
582.0; 89.280; -3.7; 69.0; 79.4; -3.7; 473.8; 493.4; 80.2; 18.2; 141.7; 80.2; 66.0; 555.7
585.0; 89.671; -3.7; 61.7; 72.9; -3.7; 479.0; 500.5; 78.0; 22.1; 134.7; 78.0; 85.2; 562.2
588.0; 90.064; -3.7; 53.0; 71.6; -3.7; 464.5; 503.7; 70.2; 27.0; 131.4; 70.2; 106.8; 563.5
591.0; 90.458; -3.7; 39.0; 77.1; -3.7; 403.5; 504.6; 45.3; 38.3; 130.6; 45.3; 151.8; 558.0
594.0; 90.864; -3.7; 24.8; 70.1; -3.7; 317.4; 521.1; 8.0; 54.3; 114.1; 8.0; 252.9; 565.1
597.0; 91.316; -3.7; 29.8; 94.9; -3.7; 209.0; 498.7; -1.8; 69.3; 136.4; -1.8; 263.6; 540.3
600.0; 91.810; -41.6; 26.9; 180.3; -41.6; 64.8; 409.9; 49.6; 78.6; 225.3; 49.6; 156.0; 454.8
603.0; 92.294; -3.7; -34.6; 270.6; -3.7; -36.3; 315.3; 28.4; 61.9; 319.8; 28.4; 71.1; 364.5
606.0; 92.735; -3.7; -104.9; 327.4; -3.7; -66.6; 256.2; 37.7; 37.7; 378.9; 37.7; 31.3; 307.8
609.0; 93.148; -3.7; -137.2; 364.7; -3.7; -62.6; 219.8; 34.1; -4.6; 415.4; 34.1; -3.1; 270.4
612.0; 93.573; -3.7; -138.5; 405.9; -3.7; -49.7; 182.4; 19.3; -84.5; 452.8; 19.3; -44.1; 229.2
615.0; 94.036; -3.7; -90.9; 419.5; -3.7; -35.5; 170.3; 13.4; -152.2; 464.9; 13.4; -71.9; 215.6
618.0; 94.529; -23.4; 59.0; 290.3; -23.4; 64.9; 294.8; 51.4; -56.8; 340.3; 51.4; -56.9; 344.9
621.0; 95.024; -3.7; 99.2; 204.7; -3.7; 214.8; 374.5; 55.2; -26.4; 260.7; 55.2; -42.1; 430.5
624.0; 95.488; -3.7; 97.0; 154.7; -3.7; 320.4; 421.5; 67.2; -8.2; 213.7; 67.2; -17.4; 480.5
627.0; 95.891; -3.7; 82.6; 127.0; -3.7; 365.0; 449.0; 67.5; 7.9; 186.1; 67.5; 20.4; 508.1
630.0; 96.275; -3.7; 61.6; 119.5; -3.7; 339.6; 460.3; 52.5; 26.3; 174.8; 52.5; 72.8; 515.6
633.0; 96.711; -3.7; 38.3; 98.9; -3.7; 285.6; 489.7; 18.3; 52.9; 145.5; 18.3; 184.4; 536.3
636.0; 97.192; -3.7; 33.7; 103.4; -3.7; 188.3; 489.1; 2.4; 71.4; 146.0; 2.4; 251.1; 531.7
639.0; 97.680; -3.7; -52.9; 281.1; -3.7; -57.4; 306.2; 23.2; 70.0; 328.9; 23.2; 75.4; 354.1
642.0; 98.146; -3.7; -209.1; 358.2; -3.7; -117.6; 221.6; 52.9; 76.7; 413.6; 52.9; 52.8; 277.0
645.0; 98.578; -3.7; -337.9; 413.5; -3.7; -118.1; 161.8; 70.5; 57.6; 473.4; 70.5; 28.3; 221.6
648.0; 98.990; -3.7; -382.1; 445.7; -3.7; -97.3; 136.1; 38.1; 12.5; 497.1; 38.1; 5.0; 187.6
651.0; 99.409; -3.7; -410.9; 461.3; -3.7; -80.6; 111.7; 71.6; -25.4; 521.3; 71.6; -9.0; 171.7
654.0; 99.842; -3.7; -447.7; 479.6; -3.7; -68.4; 84.5; 114.8; -59.9; 550.7; 114.8; -18.2; 155.5
657.0; 100.288; -3.7; -413.3; 489.9; -3.7; -53.5; 88.0; 60.2; -102.1; 547.2; 60.2; -29.2; 145.2
660.0; 100.746; -3.7; -362.1; 496.8; -3.7; -39.9; 87.2; 36.2; -155.5; 548.0; 36.2; -42.0; 138.3
663.0; 101.207; -3.7; -309.8; 496.8; -3.7; -36.5; 91.4; 19.7; -187.6; 543.7; 19.7; -50.7; 138.4
666.0; 101.669; -40.8; -259.5; 475.6; -40.8; -44.7; 113.9; 51.9; -173.7; 521.3; 51.9; -55.9; 159.6
669.0; 102.130; -40.7; -195.0; 440.9; -40.7; -50.2; 148.4; 52.2; -129.9; 486.7; 52.2; -53.9; 194.3
672.0; 102.589; -40.2; -146.2; 408.1; -40.2; -51.5; 180.7; 53.7; -89.3; 454.5; 53.7; -46.1; 227.1
675.0; 103.046; -39.6; -114.7; 380.7; -39.6; -50.3; 207.5; 55.4; -55.7; 427.6; 55.4; -34.1; 254.5
678.0; 103.501; -39.0; -101.5; 363.5; -39.0; -49.9; 224.1; 57.2; -33.0; 411.0; 57.2; -22.4; 271.7
681.0; 103.952; -38.4; -103.6; 357.8; -38.4; -51.9; 229.2; 59.1; -21.6; 406.0; 59.1; -15.2; 277.3
684.0; 104.399; -3.7; -108.9; 361.1; -3.7; -51.2; 225.5; 26.0; -19.6; 409.7; 26.0; -13.5; 274.1
687.0; 104.839; -3.7; -121.4; 371.0; -3.7; -52.9; 215.5; 26.1; -28.6; 419.6; 26.1; -18.6; 264.1
690.0; 105.275; -3.7; -126.3; 379.9; -3.7; -52.1; 207.1; 24.2; -41.7; 428.0; 24.2; -25.7; 255.2
693.0; 105.712; -3.7; -122.3; 381.7; -3.7; -50.5; 205.8; 22.5; -47.9; 429.4; 22.5; -29.1; 253.5
696.0; 106.154; -3.7; -114.5; 381.1; -3.7; -48.7; 206.8; 20.9; -52.1; 428.3; 20.9; -31.8; 254.1
699.0; 106.602; -3.7; -103.0; 378.9; -3.7; -46.3; 209.4; 19.2; -56.0; 425.8; 19.2; -34.6; 256.3
702.0; 107.057; -3.7; -87.8; 375.1; -3.7; -42.8; 213.6; 17.7; -59.7; 421.6; 17.7; -37.6; 260.1
705.0; 107.524; -3.8; -67.7; 364.8; -3.8; -37.6; 224.1; 17.2; -55.7; 411.1; 17.2; -37.3; 270.4
708.0; 108.000; -3.8; -47.2; 352.0; -3.8; -30.2; 236.8; 17.4; -49.3; 398.4; 17.4; -35.5; 283.1
711.0; 108.482; -4.0; -26.7; 337.6; -4.0; -19.8; 251.1; 18.2; -42.2; 384.1; 18.2; -32.9; 297.6
714.0; 108.963; -39.6; -6.4; 322.0; -39.6; -5.0; 266.3; 55.1; -35.4; 368.8; 55.1; -30.0; 313.2
717.0; 109.446; -39.1; 13.7; 304.8; -39.1; 15.5; 282.9; 56.8; -28.9; 352.2; 56.8; -26.9; 330.3
720.0; 109.928; -38.3; 32.9; 284.5; -38.3; 43.8; 302.4; 59.3; -21.8; 332.7; 59.3; -22.6; 350.7
723.0; 110.407; -36.8; 50.7; 259.1; -36.8; 83.2; 326.6; 62.6; -13.0; 308.5; 62.6; -15.5; 376.1
726.0; 110.868; -3.7; 60.1; 230.6; -3.7; 126.4; 353.8; 34.8; -4.0; 281.4; 34.8; -5.6; 404.6
729.0; 111.305; -3.7; 66.8; 201.4; -3.7; 176.2; 381.8; 39.1; 6.4; 253.3; 39.1; 10.5; 433.7
732.0; 111.722; -3.7; 66.0; 180.3; -3.7; 209.4; 402.8; 39.8; 15.9; 232.4; 39.8; 29.7; 454.9
735.0; 112.132; -3.7; 60.4; 167.0; -3.7; 219.2; 417.2; 35.4; 26.5; 218.0; 35.4; 54.3; 468.1
738.0; 112.549; -3.7; 53.6; 159.1; -3.7; 208.9; 427.2; 27.0; 38.2; 207.9; 27.0; 83.5; 476.1
741.0; 112.985; -38.8; 55.2; 162.3; -38.8; 197.2; 425.1; 57.7; 43.3; 210.0; 57.7; 93.4; 472.8
744.0; 113.441; -39.1; 55.3; 176.6; -39.1; 170.8; 411.1; 57.0; 40.5; 224.0; 57.0; 79.9; 458.6
747.0; 113.907; -38.8; 55.8; 193.4; -38.8; 149.8; 393.9; 58.0; 33.0; 241.3; 58.0; 58.3; 441.7
750.0; 114.375; -37.9; 57.8; 207.1; -37.9; 142.2; 379.4; 60.7; 22.0; 255.8; 60.7; 35.5; 428.1
753.0; 114.837; -36.5; 63.4; 208.1; -36.5; 158.2; 376.8; 65.3; 12.7; 258.3; 65.3; 20.2; 427.1
756.0; 115.284; -34.6; 72.2; 191.7; -34.6; 203.4; 391.1; 72.1; 9.5; 244.1; 72.1; 16.6; 443.5
759.0; 115.711; -3.7; 73.3; 166.4; -3.7; 255.2; 414.2; 49.6; 10.6; 221.0; 49.6; 21.4; 468.8
762.0; 116.130; -3.7; 71.4; 143.4; -3.7; 302.7; 436.1; 53.9; 16.3; 199.1; 53.9; 37.9; 491.7
765.0; 116.546; -3.7; 64.3; 130.1; -3.7; 320.1; 450.0; 51.6; 23.7; 185.1; 51.6; 60.8; 505.1
768.0; 116.959; -3.7; 54.3; 124.1; -3.7; 306.5; 458.6; 41.0; 34.0; 176.5; 41.0; 92.7; 511.0
771.0; 117.372; -3.7; 45.8; 121.7; -3.7; 272.6; 464.8; 26.2; 45.8; 170.3; 26.2; 130.6; 513.5
774.0; 117.798; -3.7; 41.4; 121.0; -3.7; 227.8; 468.9; 12.9; 57.4; 166.2; 12.9; 169.4; 514.2
777.0; 118.246; -3.7; 41.9; 138.1; -3.7; 166.7; 452.7; 9.1; 65.0; 182.4; 9.1; 171.1; 497.0
780.0; 118.714; -3.7; 36.1; 177.9; -3.7; 88.0; 411.9; 13.2; 68.1; 223.2; 13.2; 137.0; 457.3
783.0; 119.196; -3.8; 5.2; 235.7; -3.8; 8.7; 351.9; 22.0; 61.9; 283.2; 22.0; 87.2; 399.5
786.0; 119.687; -3.7; -62.0; 299.3; -3.7; -46.9; 285.5; 33.0; 44.5; 349.6; 33.0; 43.5; 335.9
789.0; 120.179; -3.7; -149.8; 355.3; -3.7; -71.8; 226.8; 43.7; 21.2; 408.3; 43.7; 15.0; 279.9
792.0; 120.656; -3.7; -225.0; 396.3; -3.7; -75.9; 184.2; 50.0; -4.4; 450.9; 50.0; -2.4; 238.9
795.0; 121.097; -3.7; -263.9; 422.9; -3.7; -69.3; 158.0; 48.3; -35.5; 477.1; 48.3; -16.7; 212.2
798.0; 121.495; -3.7; -256.5; 439.6; -3.7; -56.4; 144.5; 35.7; -79.9; 490.6; 35.7; -33.6; 195.6
801.0; 121.900; -3.7; -219.9; 457.6; -3.7; -43.9; 131.4; 16.3; -147.2; 503.7; 16.3; -54.4; 177.6
804.0; 122.355; -3.7; -154.9; 460.2; -3.7; -38.2; 131.2; 7.0; -199.5; 504.0; 7.0; -71.4; 175.0
807.0; 122.851; -39.3; 6.2; 351.3; -39.3; 4.2; 236.6; 56.2; -99.5; 398.6; 56.2; -71.1; 283.8
810.0; 123.335; -3.7; 89.5; 240.8; -3.7; 144.1; 341.1; 44.4; -38.7; 294.0; 44.4; -50.8; 394.4
813.0; 123.763; -3.7; 107.6; 180.4; -3.7; 277.7; 397.0; 62.4; -24.5; 238.2; 62.4; -44.9; 454.8
816.0; 124.148; -3.7; 98.6; 140.0; -3.7; 359.7; 435.3; 70.4; -6.7; 199.9; 70.4; -15.7; 495.1
819.0; 124.533; -3.7; 81.4; 118.6; -3.7; 385.4; 456.9; 69.6; 9.4; 178.2; 69.6; 25.6; 516.6
822.0; 124.951; -3.7; 62.8; 111.2; -3.7; 367.1; 467.2; 58.3; 24.5; 167.9; 58.3; 71.4; 524.0
825.0; 125.416; -3.7; 47.3; 106.1; -3.7; 329.4; 477.5; 37.7; 39.7; 157.7; 37.7; 124.9; 529.0
828.0; 125.917; -3.7; 39.9; 97.1; -3.7; 295.5; 490.9; 20.4; 50.9; 144.3; 20.4; 179.5; 538.0
831.0; 126.421; -41.2; 45.3; 112.2; -41.2; 247.7; 477.6; 50.7; 57.9; 157.5; 50.7; 183.8; 523.0
834.0; 126.906; -41.4; 48.5; 150.8; -41.4; 167.5; 439.2; 50.2; 59.5; 196.0; 50.2; 142.4; 484.3
837.0; 127.385; -40.9; 44.1; 189.9; -40.9; 102.2; 399.6; 51.7; 54.5; 235.6; 51.7; 100.8; 445.3
840.0; 127.864; -40.3; 32.9; 226.2; -40.3; 55.0; 362.8; 53.3; 43.3; 272.4; 53.3; 64.2; 409.0
843.0; 128.344; -40.0; 18.8; 254.8; -40.0; 24.9; 333.9; 54.2; 30.4; 301.3; 54.2; 38.2; 380.4
846.0; 128.825; -4.0; 5.8; 276.2; -4.0; 6.6; 312.3; 18.7; 18.1; 322.9; 18.7; 20.1; 359.0
849.0; 129.306; -3.8; -3.6; 290.8; -3.8; -3.5; 297.6; 18.7; 8.2; 337.5; 18.7; 8.4; 344.3
852.0; 129.787; -3.8; -9.5; 299.9; -3.8; -8.7; 288.5; 18.7; 1.0; 346.7; 18.7; 1.0; 335.2
855.0; 130.267; -3.9; -12.3; 304.8; -3.9; -11.0; 283.7; 18.7; -3.4; 351.5; 18.7; -3.2; 330.4
858.0; 130.747; -4.0; -13.0; 306.7; -4.0; -11.5; 281.8; 18.8; -5.5; 353.4; 18.8; -5.2; 328.4
861.0; 131.226; -5.0; -12.5; 306.9; -5.0; -11.1; 281.6; 19.8; -6.2; 353.5; 19.8; -5.8; 328.3
864.0; 131.705; -18.2; -11.7; 306.2; -18.2; -10.5; 282.3; 33.0; -6.2; 352.9; 33.0; -5.8; 329.0
